Número;Titulo;Link
1;El Gobierno eliminó la retención a la exportación de 70 productos de economías regionales;https://www.ambito.com/economia/retenciones/el-gobierno-elimino-la-retencion-la-exportacion-70-productos-s-regionales-n5210206
2;Economía obtuvo $173.885 millones en la última licitación de junio;https://www.ambito.com/economia/financiamiento/obtuvo-173885-millones-la-ultima-licitacion-junio-n5210145
3; Dólar: ante las nuevas tensiones, Gobierno ratifica que no habrá devaluación poselectoral;https://www.ambito.com/dolar-blue/dolar-las-nuevas-tensiones-gobierno-ratifica-que-no-habra-devaluacion-poselectoral-n5210126
4;El riesgo país acumuló 9 subas en las últimas 11 jornadas y tocó su máximo en un mes y medio;https://www.ambito.com/finanzas/msci/el-riesgo-pais-acumulo-9-subas-las-ultimas-11-jornadas-y-toco-su-maximo-un-mes-y-medio-n5209873
5;Cambio en MSCI: Gobierno apunta a las medidas que tomó Macri en 2019;https://www.ambito.com/economia/msci/cambio-gobierno-apunta-las-medidas-que-tomo-macri-2019-n5208559
6;"MSCI: por qué Argentina es ""Standalone"" y dejó de ser Emergente";https://www.ambito.com/msci/que-argentina-es-standalone-y-dejo-ser-emergente-n5208587
7;El dólar blue bajó tras acumular cinco subas consecutivas;https://www.ambito.com/finanzas/dolar-blue/hoy-cuanto-cerro-este-lunes-28-junio-n5209662
8;Las causas que llevaron al dólar blue a su pico en el año;https://www.ambito.com/finanzas/dolar/las-causas-que-llevaron-al-blue-su-pico-el-ano-n5208231
9;Vuelos: la declaración jurada que deben firmar quienes viajan al exterior;https://www.ambito.com/informacion-general/vuelos/la-declaracion-jurada-que-deben-firmar-quienes-viajan-al-exterior-n5210105
10;Cómo son las restricciones para viajar en otros países del mundo;https://www.ambito.com/informacion-general/restricciones/como-son-las-viajar-otros-paises-del-mundo-n5210150
11;Diputados de JxC piden dejar sin efecto la limitación de ingreso de argentinos desde el exterior;https://www.ambito.com/politica/ucr/diputados-jxc-piden-dejar-efecto-la-limitacion-ingreso-argentinos-el-exterior-n5210157
12;Martín Guzmán propuso cobrar un impuesto global a las multinacionales del 25%;https://www.ambito.com/economia/martin-guzman/propuso-cobrar-un-impuesto-global-las-multinacionales-del-25-n5209957
13;Dólar MEP cortó racha de 4 subas consecutivas y CCL revirtió fuerte aumento intradiario;https://www.ambito.com/finanzas/dolar/mep-corto-racha-4-subas-consecutivas-y-ccl-revirtio-fuerte-aumento-intradiario-n5209916
14;El mercado atento al dólar: el solidario cerró $6 abajo del blue;https://www.ambito.com/finanzas/dolar/hoy-cuanto-cerro-este-lunes-28-junio-n5209663
15;El Bitcoin lucha por quebrar la línea de resistencia: qué opinan los analistas;https://www.ambito.com/finanzas/bitcoin/el-lucha-quebrar-la-linea-resistencia-que-opinan-los-analistas-n5209797
16;Ante Bolivia, Argentina busca asegurarse el primer puesto en su grupo;https://www.ambito.com/deportes/copa-america/argentina-vs-bolivia-la-hora-formaciones-y-tv-n5209230
17;Radio 10 en la Copa América: seguí el duelo entre Argentina y Bolivia;https://www.ambito.com/deportes/radio-10/la-copa-america-segui-el-duelo-argentina-y-bolivia-n5209673
18;Luque presentó una foto de Maradona para justificar que no estaba hinchado;https://www.ambito.com/deportes/luque/presento-una-foto-maradona-justificar-que-no-estaba-hinchado-n5210102
19;Un recorrido por Canvas, el proyecto inmobiliario que revoluciona Barracas;https://www.ambito.com/finanzas/real-estate/un-recorrido-canvas-el-proyecto-inmobiliario-que-revoluciona-barracas-n5205037
20;Coronavirus: reportan 576 muertes y 18.389 casos en las últimas 24 horas;https://www.ambito.com/informacion-general/salud/cuantos-casos-coronavirus-hay-hoy-la-argentina-n5176993
21;Covid-19: ya se aplicaron en Argentina más de 20 millones de vacunas;https://www.ambito.com/informacion-general/vacunacion/covid-19-ya-se-aplicaron-argentina-mas-20-millones-vacunas-n5210193
22;Vacunas: llegó a Moscú un nuevo vuelo y Argentina recibirá más de un millón de dosis;https://www.ambito.com/informacion-general/vacunas/llego-moscu-un-nuevo-vuelo-y-argentina-recibira-mas-un-millon-dosis-n5209783
23;Por su aniversario, Disney regala 50 viajes: cómo participar ;https://www.ambito.com/informacion-general/disney/regala-50-viajes-como-participar-n5210078
24;Finlandia ofrece empleos a extranjeros: los requisitos;https://www.ambito.com/informacion-general/empleo/finlandia-ofrece-s-extranjeros-los-requisitos-n5209838
25;Aerolíneas Argentinas canceló más de 50 vuelos: los destinos;https://www.ambito.com/informacion-general/aerolineas-argentinas/cancelo-mas-50-vuelos-los-destinos-n5209854
26;Guiño a Facebook: juez de EEUU desestimó demanda antimonopólica en su contra;https://www.ambito.com/negocios/facebook/guino-juez-eeuu-desestimo-demanda-antimonopolica-su-contra-n5210136
27;Imputan a Mauricio Macri por enriquecimiento ilícito;https://www.ambito.com/politica/mauricio-macri/imputan-enriquecimiento-ilicito-n5210008
28;Vaca Muerta: Vista Oil y Trafigura invertirán u$s250 millones;https://www.ambito.com/negocios/vaca-muerta/vista-oil-y-trafigura-invertiran-us250-millones-n5210189
29;"Macri gestionó la deuda en un ""Excel""";https://www.ambito.com/economia/deuda/agn-macri-gestiono-la-un-excel-facilmente-modificable-n5209610
30;Batistuta presentó un amparo para evitar el pago del aporte extraordinario;https://www.ambito.com/economia/batistuta/gabriel-presento-un-amparo-evitar-el-pago-del-aporte-extraordinario-n5210076
31;Jujuy: más poder a Morales, una primaria para el FdT y furia del FIT;https://www.ambito.com/nacional/jujuy/mas-poder-morales-una-primaria-el-fdt-y-furia-del-fit-n5210099
32;Beneficios ANSES: dónde comprar y recibir hasta $2400 de reintegro;https://www.ambito.com/informacion-general/anses/beneficios-donde-comprar-y-recibir-2400-reintegro-n5209906
33;Wall Street marcó nuevos récords, con rotación hacia tecnológicas (saltaron hasta 5%);https://www.ambito.com/finanzas/wall-street/marco-nuevos-records-rotacion-tecnologicas-que-saltaron-5-n5209915
34;Cómo comprar dólares de forma legal y a menor precio que el blue y el solidario;https://www.ambito.com/finanzas/dolar-mep/como-comprar-dolares-la-bolsa-mas-baratos-que-el-solidario-n5096200
35;Tras la recategorización de MSCI: qué acciones tienen mejor perspectiva de inversión;https://www.ambito.com/finanzas/inversiones/tras-la-recategorizacion-msci-que-acciones-tienen-mejor-perspectiva-inversion-n5208829
36;Las 5 empresas más grandes de Wall Street;https://www.ambito.com/opiniones/wall-street/las-5-empresas-mas-grandes-n5209588
37;Mucho frío en el ambiente, pero ánimos acalorados;https://www.ambito.com/secciones-especiales/charlas-quincho/-n5209640
38;Luces y sombras de la economía;https://www.ambito.com/economia/charlas-quincho/luces-y-sombras-la-n5209666
39;Cambiemismo editorial;https://www.ambito.com/politica/charlas-quincho/cambiemismo-editorial-n5209667
40;Crece la adopción de herramientas digitales en el proceso productivo;https://www.ambito.com/agronegocios/agronegocios/crece-la-adopcion-herramientas-digitales-el-proceso-productivo-n5209598
41;"Gabriel Vidal: ""AgriRed se expande y ya inició operaciones en Brasil""";https://www.ambito.com/agronegocios/agronegocios/gabriel-vidal-agrired-se-expande-y-ya-inicio-operaciones-brasil-n5209593
42;Boom girasolero: confirman alta demanda de semillas;https://www.ambito.com/agronegocios/agronegocios/boom-girasolero-confirman-alta-demanda-semillas-n5209591
43;Sumitomo: más investigación y desarrollo;https://www.ambito.com/agronegocios/agronegocios/sumitomo-mas-investigacion-y-desarrollo-n5209592
44;Variante Lambda: síntomas y por qué es tan contagiosa la nueva cepa de Covid-19;https://www.ambito.com/informacion-general/covid-19/variante-lambda-sintomas-y-que-es-tan-contagiosa-la-nueva-cepa-n5210009
45;Alarma mundial por la variante Delta del Covid-19: se expande y crecen las restricciones;https://www.ambito.com/mundo/covid-19/alarma-mundial-la-variante-delta-del-se-expande-y-crecen-las-restricciones-n5209717
46;El gobierno bonaerense busca casa por casa a quienes aún no se inscribieron para vacunarse;https://www.ambito.com/informacion-general/kicillof/el-gobierno-bonaerense-busca-casa-casa-quienes-aun-no-se-inscribieron-vacunarse-n5209982
47;Variante Delta del Covid-19: síntomas y todo lo que se sabe hasta ahora;https://www.ambito.com/informacion-general/covid-19/variante-delta-coronavirus-28-junio-2021
48;"Vacuna Covid-19: intervalo ""de varios meses"" entre dos dosis de AstraZeneca mejoraría su eficacia";https://www.ambito.com/informacion-general/covid-19/vacuna-intervalo-de-varios-meses-dos-dosis-astrazeneca-mejoraria-su-eficacia-n5209746
49;"Clases: Gobierno apunta a ""robustecer la presencialidad"" después de las vacaciones de invierno";https://www.ambito.com/informacion-general/clases/nicola-trotta-aseguro-que-despues-las-vacaciones-invierno-apuntan-robustecer-la-presencialidad-n5209763
50;"Daniel Vila, dueño de Edenor: ""Seguramente habrá aumento de tarifas""";https://www.ambito.com/economia/tarifas/daniel-vila-dueno-edenor-seguramente-habra-aumento-n5209643
51;ANSES: qué jubilados pueden acceder al descuento en la tarifa del gas por Zona Fría;https://www.ambito.com/economia/anses/que-jubilados-pueden-acceder-al-descuento-la-tarifa-del-gas-zona-fria-n5209554
52;IEASA presentó una denuncia por la suspensión de las obras del Gasoductos Noreste Argentino;https://www.ambito.com/energia/ieasa/presento-una-denuncia-la-suspension-las-obras-del-gasoductos-noreste-argentino-n5207900
53;Lanzan el primer auto eléctrico solar con una autonomía de 725km;https://www.ambito.com/informacion-general/autos-electricos/lanzan-el-primer-auto-electrico-solar-una-autonomia-725km-n5208036
54;Más de 835.000 familias incorporaron internet de alta velocidad en medio de la pandemia;https://www.ambito.com/tecnologia/enacom/mas-835000-familias-incorporaron-internet-alta-velocidad-medio-la-pandemia-n5209922
55;WhatsApp: se viene un cambio de diseño de las notas de voz;https://www.ambito.com/informacion-general/whatsapp/se-viene-un-cambio-diseno-las-notas-voz-n5209736
56;Reino Unido suspendió Binance, la mayor plataforma de criptomonedas del mundo ;https://www.ambito.com/finanzas/criptomonedas/reino-unido-suspendio-binance-la-mayor-plataforma-del-mundo-n5209381
57;Barcelona abre sus puertas al congreso más grande de telefonía móvil;https://www.ambito.com/informacion-general/tecnologia/barcelona-abre-sus-puertas-al-congreso-mas-grande-telefonia-movil-n5209815
58;WhatsApp: cómo cambiar el ícono de la app con los colores del arcoíris;https://www.ambito.com/informacion-general/whatsapp/como-cambiar-el-icono-la-app-los-colores-del-arcoiris-n5209777
59;La billetera virtual MODO llega a los 2 millones de usuarios y suma nuevos comercios;https://www.ambito.com/negocios/modo/la-billetera-virtual-llega-los-2-millones-usuarios-y-suma-nuevos-comercios-n5209901
60;¿Está maldito? El increíble caso del buzo naranja N°23 de Adidas contra Croacia;https://www.ambito.com/deportes/eurocopa/esta-maldito-el-increible-caso-del-buzo-naranja-n23-adidas-contra-croacia-n5209937
61;Cristiano Ronaldo analiza dejar la Juventus;https://www.ambito.com/deportes/cristiano-ronaldo/analiza-dejar-la-juventus-n5209914
62;Éstos son los estrenos de Disney+ en julio;https://www.ambito.com/espectaculos/disney/estos-son-los-estrenos-julio-n5209953
63;"El cambio de vida de Chris O'Donnell: de protagonizar ""Batman y Robin"" a tener una pizzería ";https://www.ambito.com/espectaculos/batman/el-cambio-vida-chris-odonnell-protagonizar-y-robin-tener-una-pizzeria-n5209938
64;Todas las series y películas que abandonan Netflix en julio;https://www.ambito.com/espectaculos/netflix/todas-las-series-y-peliculas-que-abandonan-julio-n5209760
65;Alberto Fernández canceló su viaje a Francia por la situación con el Covid-19;https://www.ambito.com/politica/alberto-fernandez/cancelo-su-viaje-francia-la-situacion-el-covid-19-n5209933
66;Edificio derrumbado en Miami: mientras sigue la búsqueda de desaparecidos, surgen sombras de coimas;https://www.ambito.com/mundo/miami/edificio-derrumbado-mientras-sigue-la-busqueda-desaparecidos-surgen-sombras-coimas-n5209791
67;AGIP extiende la moratoria hasta el 31 de agosto;https://www.ambito.com/economia/moratoria/agip-extiende-la-el-31-agosto-n5209986
68;La soja rebotó con fuerza y quedó a tiro de los u$s500 por tonelada;https://www.ambito.com/finanzas/soja/la-reboto-fuerza-y-quedo-tiro-los-us500-tonelada-n5209773
69;FIFA triplica fondos a Macri con poco control;https://www.ambito.com/politica/mauricio-macri/fifa-triplica-fondos-macri-poco-control-n5209932
70;La compra de inmuebles en el Ciudad cayó un 18% intermensual en mayo;https://www.ambito.com/economia/inmuebles/la-compra-el-ciudad-cayo-un-18-intermensual-mayo-n5209835
71;Trenes Argentinos operará las últimas líneas de carga que quedaban en manos privadas ;https://www.ambito.com/economia/trenes/argentinos-operara-las-ultimas-lineas-carga-que-quedaban-manos-privadas-n5210067
72;Instan al G20 a adoptar canjes de deuda por clima al estilo de los bonos Brady de los '80;https://www.ambito.com/economia/g20/instan-al-adoptar-canjes-deuda-clima-al-estilo-los-bonos-brady-los-80-n5209892
73;¿Cuáles son las moléculas de estrés que causan el síndrome del corazón roto?;https://docsalud.com/clinica/cuales-son-las-moleculas-de-estres-que-causan-el-sindrome-del-corazon-roto/1011080
74;Esclerodermia: mucho más que el endurecimiento de la piel;https://docsalud.com/sin-categoria/esclerodermia-mucho-mas-que-el-endurecimiento-de-la-piel/1011083
75;Italia: 12 pueblos que venden casas por 1 euro;https://www.ambito.com/italia/12-pueblos-que-venden-casas-1-euro-n5208368
76;Suscribite al newsletter de Ámbito;https://www.ambito.com/economia/finanzas/suscribite-al-newsletter-ambito-n5108585
77;Los pros y las contras de emprender a los 50 años;https://www.ambito.com/opiniones/inversiones/los-pros-y-las-contras-emprender-los-50-anos-n5208455
78;Pequeñas delicias de la negociación con el FMI;https://www.ambito.com/economia/fmi/pequenas-delicias-la-negociacion-el-n5208191
79;Cuánto se devaluaron las monedas de América Latina en pandemia;https://www.ambito.com/opiniones/deuda/cuanto-se-devaluaron-las-monedas-america-latina-pandemia-n5207629
80;La UIA financiera, el Círculo Rojo y la incipiente autocracia libertaria;https://www.ambito.com/opiniones/uia/la-financiera-el-circulo-rojo-y-la-incipiente-autocracia-libertaria-n5206827
81;Diálogos de Wall Street;https://www.ambito.com/economia/fed/dialogos-wall-street-n5207424
82;Criptomonedas: ¿conviene invertir en compañías de minería?;https://www.ambito.com/opiniones/criptomonedas/conviene-invertir-companias-mineria-n5206637
83;Alcohol 0: la clave para bajar un tercio los accidentes de tránsito;https://www.ambito.com/opiniones/alcohol/0-la-clave-bajar-un-tercio-los-accidentes-transito-n5206660
84;Inflación en EEUU: cómo afecta a los mercados;https://www.ambito.com/opiniones/inflacion/eeuu-y-como-afecta-los-mercados-n5206670
85;Dólar, elecciones y mediano plazo: no hay tranquilidad que dure seis meses;https://www.ambito.com/opiniones/fmi/dolar-elecciones-y-mediano-plazo-no-hay-tranquilidad-que-dure-seis-meses-n5206215
86;"Alberto Fernández celebró el Día del Orgullo: ""Tenemos la oportunidad de ser una sociedad mejor""";https://www.ambito.com/politica/alberto-fernandez/celebro-el-dia-del-orgullo-tenemos-la-oportunidad-ser-una-sociedad-mejor-n5209899
87;Daniel Arroyo explicó los alcances del reintegro por compras con tarjeta de débito;https://www.ambito.com/politica/auh/daniel-arroyo-explico-los-alcances-del-reintegro-compras-tarjeta-debito-n5209687
88;Pese a los aislamientos, Diputados podría sesionar sobre temas acordados;https://www.ambito.com/politica/diputados/pese-los-aislamientos-podria-sesionar-temas-acordados-n5210108
89;Las políticas corporativas en diversidad e inclusión, más allá de un clima de época;https://www.ambito.com/opiniones/lgbt/las-politicas-corporativas-diversidad-e-inclusion-mas-alla-un-clima-epoca-n5210090
90;"Manes se mete en la interna de Juntos por el Cambio: ""Necesitamos de líderes que nos unan, no que nos dividan""";https://www.ambito.com/politica/facundo-manes/manes-se-mete-la-interna-juntos-el-cambio-necesitamos-lideres-que-nos-unan-no-que-nos-dividan-n5209818
91;Oficializan la prórroga de la prohibición de despidos y suspensiones;https://www.ambito.com/politica/despidos/oficializan-la-prorroga-la-prohibicion-y-suspensiones-n5209675
92;"Memorando con Irán: Zannini denunció ""maniobras dilatorias"" por parte de la querella";https://www.ambito.com/politica/memorando-iran/zannini-denuncio-maniobras-dilatorias-parte-la-querella-n5209874
93;ANSES: quiénes podrán cobrar hasta $18.900 en julio;https://www.ambito.com/informacion-general/anses/quienes-podran-cobrar-18900-julio-n5209780
94;El dólar blue bajó tras acumular cinco subas consecutivas;https://www.ambito.com/finanzas/dolar-blue/hoy-cuanto-cerro-este-lunes-28-junio-n5209662
95;Dólar blue: ¿Cuáles son las causas que empujan la suba y qué puede pasar?;https://www.ambito.com/finanzas/dolar-blue/cuales-son-las-causas-que-empujan-la-suba-y-que-puede-pasar-n5209749
96;Alarma mundial por la variante Delta del Covid-19: se expande y crecen las restricciones;https://www.ambito.com/mundo/covid-19/alarma-mundial-la-variante-delta-del-se-expande-y-crecen-las-restricciones-n5209717
97;Empates épicos, alargues y penales: los cuartos de la Eurocopa tuvieron de todo;https://www.ambito.com/deportes/eurocopa/empates-epicos-alargues-y-penales-los-cuartos-la-tuvieron-todo-n5210191
98;"Indagaron a Luque por la muerte de Maradona: ""Era mi paciente y mi amigo""";https://www.ambito.com/deportes/diego-maradona/indagaron-luque-la-muerte-maradona-era-mi-paciente-y-mi-amigo-n5209004
99;El argentino que levantó la bandera del orgullo LGBT+ tras convertir un gol en Brasil;https://www.ambito.com/deportes/lgtb/german-cano-el-argentino-que-levanto-la-bandera-del-orgullo-lgbt-convertir-un-gol-brasil-n5209826
100;River hizo una oferta formal por un ex Vélez;https://www.ambito.com/deportes/river/hizo-una-oferta-formal-un-ex-velez-n5210006
101;Paraguay y Uruguay definen lugares en el grupo de Argentina;https://www.ambito.com/deportes/copa-america/paraguay-vs-uruguay-la-hora-formacion-y-tv-n5209688
102;Gimena Accardi contó cómo vivió el derrumbe en Miami en el que se salvó de milagro;https://www.ambito.com/espectaculos/miami/gimena-accardi-conto-como-vivio-el-derrumbe-el-que-se-milagro-n5209775
103;"Zlatan Ibrahimovic presenta el tráiler de su película ""I am Zlatan""";https://www.ambito.com/deportes/zlatan-ibrahimovic/presenta-el-trailer-su-pelicula-i-am-zlatan-n5209880
104;Pánico en Londres por una explosión en el metro;https://www.ambito.com/mundo/reino-unido/explosion-el-metro-londres-al-menos-seis-heridos-e-investigan-la-causa-n5209813
105;El insólito gol en contra que se hizo España ante Croacia;https://www.ambito.com/deportes/eurocopa/el-insolito-gol-contra-que-se-hizo-espana-croacia-la-n5209919
106;A los 62, Madonna sigue impactando con sus shows;https://www.ambito.com/espectaculos/madonna/a-los-62-sigue-impactando-sus-shows-n5209786
107;Descubren el cometa más grande detectado y viene acercándose al Sistema Solar;https://www.ambito.com/informacion-general/ciencia/descubren-el-cometa-mas-grande-detectado-y-viene-acercandose-al-sistema-solar-n5209842
108;El joven con tartamudez que emocionó a todos en La Voz Argentina;https://www.ambito.com/espectaculos/la-voz-argentina/el-joven-tartamudez-que-emociono-todos-n5209705
109;"Mariano Martínez y un ""homenaje"" a Gustavo Cerati que generó revuelo en las redes";https://www.ambito.com/espectaculos/gustavo-cerati/mariano-martinez-y-un-homenaje-que-genero-revuelo-las-redes-n5209867
110;A dos semanas de su desaparición, continúa la búsqueda de Guadalupe Lucero en San Luis;https://www.ambito.com/informacion-general/policiales/a-dos-semanas-su-desaparicion-continua-la-busqueda-guadalupe-lucero-san-luis-n5209804
111;Murió Sergio Palma, ex campeón mundial de boxeo;https://www.ambito.com/deportes/murio-sergio-palma-ex-campeon-mundial-boxeo-n5206457
112;De oficinas a viviendas para clase media: cómo es el proyecto que propone reconvertir al microcentro;https://www.ambito.com/politica/microcentro/de-oficinas-viviendas-clase-media-como-es-el-proyecto-que-propone-reconvertir-al-n5208699
113;El boom de la bicicleta, un fenómeno que crece a la sombra de la pandemia;https://www.ambito.com/informacion-general/bicicleta/el-boom-la-un-fenomeno-que-crece-la-sombra-la-pandemia-n5208097
114;Sin reforma tributaria, el Gobierno analizará impuesto por impuesto;https://www.ambito.com/economia/reforma-tributaria/con-la-integral-stand-by-analiza-ahora-impuesto-impuesto-n5209604
115;Flexiseguridad: rechazan los sindicatos cambios en las indemnizaciones;https://www.ambito.com/economia/indemnizaciones/flexiseguridad-rechazan-los-sindicatos-cambios-las-n5209612
116;"Comenzó el ""segundo semestre"" monetario: fuerte emisión de pesos";https://www.ambito.com/economia/pesos/comenzo-el-segundo-semestre-monetario-fuerte-emision-n5209606
117;Gobierno dio asistencia y financiamiento a pymes por más de $100.000 millones;https://www.ambito.com/economia/pymes/gobierno-dio-asistencia-y-financiamiento-mas-100000-millones-n5209469
118;Para jubilados y AUH: aumentan el monto del reintegro para los consumos con tarjeta de débito;https://www.ambito.com/economia/auh/para-jubilados-y-aumentan-el-monto-del-reintegro-los-consumos-tarjeta-debito-n5209479
119;"""En el segundo semestre habrá una recomposición del poder adquisitivo del salario""";https://www.ambito.com/economia/salarios/en-el-segundo-semestre-habra-una-recomposicion-del-poder-adquisitivo-del-salario-n5209264
120;Remodelación táctica de varias Cámaras, Corte estira su agenda y el espionaje que no miramos;https://www.ambito.com/politica/senado/remodelacion-tactica-varias-camaras-corte-estira-su-agenda-y-el-espionaje-que-no-miramos-n5209620
121;Intelectuales M piden unidad de Juntos por el Cambio;https://www.ambito.com/politica/juntos-el-cambio/intelectuales-m-piden-unidad-n5209697
122;Diputados con agenda cargada antes del inicio de la campaña electoral;https://www.ambito.com/politica/diputados/agenda-cargada-antes-del-inicio-la-campana-electoral-n5208749
123;"Tras recuperar su cuenta, Negri afirmó que ""la Justicia investigará quién estuvo detrás del hackeo""";https://www.ambito.com/politica/mario-negri/tras-recuperar-su-cuenta-negri-afirmo-que-la-justicia-investigara-quien-estuvo-detras-del-hackeo-n5209921
124;Piden que se revoque la prisión domiciliaria y salidas laborales a Alberto Samid;https://www.ambito.com/politica/alberto-samid/piden-que-se-revoque-la-prision-domiciliaria-y-salidas-laborales-n5209764
125;¿Qué le dijo Alfaro a Tite al final del partido?;https://www.ambito.com/deportes/alfaro/que-le-dijo-tite-al-final-del-partido-n5209603
126;Hamilton exige a Mercedes un mejor auto para pelearle a Red Bull;https://www.ambito.com/deportes/formula-1/hamilton-exige-mercedes-un-mejor-auto-pelearle-red-bull-n5209787
127;La figura del campeón argentino llegó a su nuevo club;https://www.ambito.com/deportes/gimnasia/pulga-rodriguez-deja-colon-jugar-n5209537
128;Batista le apuntó a Boca por la negativa a ceder a Izquierdoz para los Juegos Olímpicos;https://www.ambito.com/deportes/batista/le-apunto-boca-la-negativa-ceder-izquierdoz-los-juegos-olimpicos-n5209094
129;Ecuador empató con Brasil y asoma como posible rival de Argentina en octavos;https://www.ambito.com/deportes/ecuador/empato-brasil-y-asoma-como-posible-rival-argentina-octavos-n5209516
130;Wimbledon 2021, o el torneo que puede reescribir la historia del tenis;https://www.ambito.com/deportes/wimbledon/2021-o-el-torneo-que-puede-reescribir-la-historia-del-tenis-n5208849
